Transformer (Mix),AAGCN (Bone 3D),SkelGym-Full
35.714285714285715,35.714285714285715,33.33333333333333
14.285714285714285,11.904761904761903,9.523809523809524
19.047619047619047,11.904761904761903,16.666666666666664
38.095238095238095,28.57142857142857,30.952380952380953
38.095238095238095,26.190476190476193,38.095238095238095
23.809523809523807,19.047619047619047,19.047619047619047
38.095238095238095,28.57142857142857,35.714285714285715
26.190476190476193,26.190476190476193,30.952380952380953
21.428571428571427,30.952380952380953,30.952380952380953
11.904761904761903,11.904761904761903,9.523809523809524
28.57142857142857,28.57142857142857,28.57142857142857
33.33333333333333,19.047619047619047,26.190476190476193
30.952380952380953,26.190476190476193,33.33333333333333
30.952380952380953,35.714285714285715,35.714285714285715
35.714285714285715,23.809523809523807,35.714285714285715
26.190476190476193,21.428571428571427,26.190476190476193
30.952380952380953,28.57142857142857,35.714285714285715
40.476190476190474,38.095238095238095,40.476190476190474
38.095238095238095,42.857142857142854,38.095238095238095
33.33333333333333,26.190476190476193,30.952380952380953
35.714285714285715,23.809523809523807,28.57142857142857
30.952380952380953,21.428571428571427,28.57142857142857
23.809523809523807,16.666666666666664,14.285714285714285
26.190476190476193,28.57142857142857,26.190476190476193
26.190476190476193,35.714285714285715,30.952380952380953
38.095238095238095,21.428571428571427,28.57142857142857
26.190476190476193,30.952380952380953,30.952380952380953
26.190476190476193,21.428571428571427,28.57142857142857
33.33333333333333,23.809523809523807,35.714285714285715
23.809523809523807,40.476190476190474,35.714285714285715
40.476190476190474,30.952380952380953,38.095238095238095
35.714285714285715,30.952380952380953,35.714285714285715
35.714285714285715,23.809523809523807,35.714285714285715
23.809523809523807,21.428571428571427,26.190476190476193
23.809523809523807,19.047619047619047,21.428571428571427
21.428571428571427,21.428571428571427,16.666666666666664
16.666666666666664,19.047619047619047,14.285714285714285
28.57142857142857,23.809523809523807,23.809523809523807
33.33333333333333,21.428571428571427,35.714285714285715
23.809523809523807,26.190476190476193,23.809523809523807
21.428571428571427,26.190476190476193,28.57142857142857
14.285714285714285,16.666666666666664,19.047619047619047
21.428571428571427,23.809523809523807,26.190476190476193
33.33333333333333,35.714285714285715,35.714285714285715
35.714285714285715,40.476190476190474,38.095238095238095
19.047619047619047,26.190476190476193,23.809523809523807
30.952380952380953,23.809523809523807,30.952380952380953
26.190476190476193,21.428571428571427,30.952380952380953
26.190476190476193,23.809523809523807,28.57142857142857
28.57142857142857,23.809523809523807,26.190476190476193
23.809523809523807,21.428571428571427,21.428571428571427
21.428571428571427,21.428571428571427,19.047619047619047
35.714285714285715,28.57142857142857,30.952380952380953
33.33333333333333,30.952380952380953,33.33333333333333
28.57142857142857,35.714285714285715,33.33333333333333
28.57142857142857,23.809523809523807,23.809523809523807
19.047619047619047,16.666666666666664,16.666666666666664
35.714285714285715,30.952380952380953,26.190476190476193
21.428571428571427,30.952380952380953,26.190476190476193
23.809523809523807,21.428571428571427,21.428571428571427
23.809523809523807,26.190476190476193,23.809523809523807
26.190476190476193,23.809523809523807,28.57142857142857
35.714285714285715,28.57142857142857,28.57142857142857
28.57142857142857,26.190476190476193,33.33333333333333
21.428571428571427,23.809523809523807,23.809523809523807
28.57142857142857,33.33333333333333,35.714285714285715
28.57142857142857,26.190476190476193,30.952380952380953
28.57142857142857,23.809523809523807,26.190476190476193
35.714285714285715,21.428571428571427,19.047619047619047
23.809523809523807,28.57142857142857,30.952380952380953
30.952380952380953,38.095238095238095,38.095238095238095
35.714285714285715,21.428571428571427,23.809523809523807
42.857142857142854,33.33333333333333,38.095238095238095
26.190476190476193,21.428571428571427,26.190476190476193
35.714285714285715,26.190476190476193,28.57142857142857
11.904761904761903,19.047619047619047,9.523809523809524
30.952380952380953,23.809523809523807,28.57142857142857
33.33333333333333,33.33333333333333,38.095238095238095
30.952380952380953,16.666666666666664,26.190476190476193
42.857142857142854,35.714285714285715,30.952380952380953
38.095238095238095,38.095238095238095,45.23809523809524
19.047619047619047,16.666666666666664,11.904761904761903
26.190476190476193,21.428571428571427,21.428571428571427
19.047619047619047,16.666666666666664,16.666666666666664
23.809523809523807,21.428571428571427,21.428571428571427
30.952380952380953,21.428571428571427,38.095238095238095
23.809523809523807,21.428571428571427,26.190476190476193
26.190476190476193,19.047619047619047,26.190476190476193
26.190476190476193,26.190476190476193,23.809523809523807
21.428571428571427,19.047619047619047,16.666666666666664
21.428571428571427,28.57142857142857,26.190476190476193
30.952380952380953,33.33333333333333,23.809523809523807
26.190476190476193,35.714285714285715,40.476190476190474
33.33333333333333,23.809523809523807,28.57142857142857
33.33333333333333,19.047619047619047,23.809523809523807
35.714285714285715,19.047619047619047,19.047619047619047
33.33333333333333,28.57142857142857,35.714285714285715
28.57142857142857,40.476190476190474,38.095238095238095
33.33333333333333,40.476190476190474,42.857142857142854
26.190476190476193,26.190476190476193,28.57142857142857
33.33333333333333,40.476190476190474,42.857142857142854
33.33333333333333,28.57142857142857,28.57142857142857
38.095238095238095,40.476190476190474,40.476190476190474
14.285714285714285,14.285714285714285,14.285714285714285
26.190476190476193,28.57142857142857,26.190476190476193
28.57142857142857,30.952380952380953,33.33333333333333
19.047619047619047,19.047619047619047,23.809523809523807
33.33333333333333,30.952380952380953,33.33333333333333
16.666666666666664,19.047619047619047,19.047619047619047
26.190476190476193,35.714285714285715,33.33333333333333
23.809523809523807,30.952380952380953,28.57142857142857
30.952380952380953,35.714285714285715,33.33333333333333
33.33333333333333,38.095238095238095,35.714285714285715
26.190476190476193,26.190476190476193,28.57142857142857
19.047619047619047,26.190476190476193,19.047619047619047
28.57142857142857,38.095238095238095,35.714285714285715
21.428571428571427,21.428571428571427,19.047619047619047
26.190476190476193,19.047619047619047,23.809523809523807
33.33333333333333,40.476190476190474,40.476190476190474
30.952380952380953,19.047619047619047,21.428571428571427
33.33333333333333,30.952380952380953,28.57142857142857
23.809523809523807,19.047619047619047,19.047619047619047
33.33333333333333,33.33333333333333,28.57142857142857
16.666666666666664,23.809523809523807,26.190476190476193
33.33333333333333,30.952380952380953,35.714285714285715
35.714285714285715,38.095238095238095,38.095238095238095
16.666666666666664,23.809523809523807,23.809523809523807
23.809523809523807,26.190476190476193,23.809523809523807
14.285714285714285,9.523809523809524,11.904761904761903
33.33333333333333,33.33333333333333,30.952380952380953
35.714285714285715,28.57142857142857,26.190476190476193
33.33333333333333,35.714285714285715,33.33333333333333
38.095238095238095,30.952380952380953,30.952380952380953
42.857142857142854,30.952380952380953,38.095238095238095
30.952380952380953,21.428571428571427,21.428571428571427
23.809523809523807,28.57142857142857,33.33333333333333
35.714285714285715,26.190476190476193,30.952380952380953
30.952380952380953,30.952380952380953,30.952380952380953
38.095238095238095,19.047619047619047,14.285714285714285
40.476190476190474,35.714285714285715,35.714285714285715
16.666666666666664,19.047619047619047,19.047619047619047
30.952380952380953,26.190476190476193,26.190476190476193
28.57142857142857,33.33333333333333,33.33333333333333
40.476190476190474,23.809523809523807,33.33333333333333
14.285714285714285,23.809523809523807,19.047619047619047
11.904761904761903,9.523809523809524,11.904761904761903
28.57142857142857,26.190476190476193,23.809523809523807
26.190476190476193,23.809523809523807,21.428571428571427
35.714285714285715,30.952380952380953,35.714285714285715
23.809523809523807,38.095238095238095,35.714285714285715
23.809523809523807,28.57142857142857,26.190476190476193
16.666666666666664,14.285714285714285,16.666666666666664
28.57142857142857,26.190476190476193,26.190476190476193
23.809523809523807,21.428571428571427,26.190476190476193
33.33333333333333,38.095238095238095,40.476190476190474
35.714285714285715,38.095238095238095,35.714285714285715
14.285714285714285,11.904761904761903,11.904761904761903
33.33333333333333,23.809523809523807,28.57142857142857
21.428571428571427,14.285714285714285,9.523809523809524
38.095238095238095,35.714285714285715,35.714285714285715
35.714285714285715,28.57142857142857,38.095238095238095
33.33333333333333,21.428571428571427,26.190476190476193
21.428571428571427,30.952380952380953,28.57142857142857
30.952380952380953,33.33333333333333,38.095238095238095
28.57142857142857,45.23809523809524,35.714285714285715
28.57142857142857,28.57142857142857,33.33333333333333
23.809523809523807,40.476190476190474,38.095238095238095
23.809523809523807,21.428571428571427,21.428571428571427
11.904761904761903,26.190476190476193,16.666666666666664
23.809523809523807,33.33333333333333,33.33333333333333
14.285714285714285,21.428571428571427,14.285714285714285
26.190476190476193,23.809523809523807,23.809523809523807
28.57142857142857,28.57142857142857,28.57142857142857
23.809523809523807,26.190476190476193,30.952380952380953
21.428571428571427,21.428571428571427,26.190476190476193
14.285714285714285,19.047619047619047,16.666666666666664
26.190476190476193,26.190476190476193,30.952380952380953
26.190476190476193,21.428571428571427,23.809523809523807
35.714285714285715,28.57142857142857,26.190476190476193
11.904761904761903,26.190476190476193,23.809523809523807
30.952380952380953,33.33333333333333,38.095238095238095
21.428571428571427,26.190476190476193,26.190476190476193
28.57142857142857,26.190476190476193,26.190476190476193
33.33333333333333,33.33333333333333,35.714285714285715
28.57142857142857,26.190476190476193,26.190476190476193
26.190476190476193,40.476190476190474,35.714285714285715
33.33333333333333,33.33333333333333,33.33333333333333
14.285714285714285,23.809523809523807,19.047619047619047
38.095238095238095,35.714285714285715,42.857142857142854
19.047619047619047,21.428571428571427,19.047619047619047
33.33333333333333,40.476190476190474,38.095238095238095
30.952380952380953,38.095238095238095,33.33333333333333
30.952380952380953,38.095238095238095,38.095238095238095
28.57142857142857,23.809523809523807,23.809523809523807
26.190476190476193,28.57142857142857,23.809523809523807
42.857142857142854,38.095238095238095,38.095238095238095
33.33333333333333,42.857142857142854,40.476190476190474
28.57142857142857,26.190476190476193,28.57142857142857
14.285714285714285,21.428571428571427,19.047619047619047
28.57142857142857,21.428571428571427,28.57142857142857
28.57142857142857,33.33333333333333,28.57142857142857
30.952380952380953,28.57142857142857,26.190476190476193
26.190476190476193,26.190476190476193,26.190476190476193
26.190476190476193,33.33333333333333,30.952380952380953
33.33333333333333,35.714285714285715,35.714285714285715
14.285714285714285,19.047619047619047,16.666666666666664
38.095238095238095,35.714285714285715,38.095238095238095
38.095238095238095,30.952380952380953,33.33333333333333
16.666666666666664,19.047619047619047,11.904761904761903
33.33333333333333,30.952380952380953,30.952380952380953
35.714285714285715,45.23809523809524,42.857142857142854
19.047619047619047,23.809523809523807,21.428571428571427
40.476190476190474,35.714285714285715,35.714285714285715
35.714285714285715,33.33333333333333,40.476190476190474
21.428571428571427,23.809523809523807,21.428571428571427
16.666666666666664,26.190476190476193,21.428571428571427
28.57142857142857,28.57142857142857,28.57142857142857
21.428571428571427,19.047619047619047,19.047619047619047
19.047619047619047,26.190476190476193,21.428571428571427
14.285714285714285,21.428571428571427,23.809523809523807
30.952380952380953,21.428571428571427,28.57142857142857
30.952380952380953,35.714285714285715,35.714285714285715
19.047619047619047,19.047619047619047,23.809523809523807
33.33333333333333,35.714285714285715,33.33333333333333
28.57142857142857,35.714285714285715,28.57142857142857
19.047619047619047,19.047619047619047,16.666666666666664
26.190476190476193,33.33333333333333,30.952380952380953
16.666666666666664,16.666666666666664,16.666666666666664
23.809523809523807,21.428571428571427,26.190476190476193
19.047619047619047,11.904761904761903,16.666666666666664
14.285714285714285,14.285714285714285,19.047619047619047
14.285714285714285,16.666666666666664,16.666666666666664
33.33333333333333,38.095238095238095,40.476190476190474
30.952380952380953,33.33333333333333,30.952380952380953
30.952380952380953,23.809523809523807,26.190476190476193
30.952380952380953,30.952380952380953,30.952380952380953
23.809523809523807,35.714285714285715,28.57142857142857
23.809523809523807,23.809523809523807,28.57142857142857
26.190476190476193,35.714285714285715,30.952380952380953
42.857142857142854,42.857142857142854,42.857142857142854
28.57142857142857,21.428571428571427,21.428571428571427
30.952380952380953,26.190476190476193,28.57142857142857
42.857142857142854,35.714285714285715,35.714285714285715
30.952380952380953,28.57142857142857,26.190476190476193
33.33333333333333,26.190476190476193,23.809523809523807
23.809523809523807,42.857142857142854,38.095238095238095
30.952380952380953,28.57142857142857,33.33333333333333
38.095238095238095,40.476190476190474,40.476190476190474
30.952380952380953,26.190476190476193,28.57142857142857
30.952380952380953,38.095238095238095,38.095238095238095
28.57142857142857,40.476190476190474,35.714285714285715
30.952380952380953,35.714285714285715,30.952380952380953
30.952380952380953,33.33333333333333,30.952380952380953
19.047619047619047,19.047619047619047,16.666666666666664
19.047619047619047,28.57142857142857,26.190476190476193
26.190476190476193,26.190476190476193,26.190476190476193
28.57142857142857,19.047619047619047,23.809523809523807
26.190476190476193,23.809523809523807,28.57142857142857
30.952380952380953,21.428571428571427,30.952380952380953
33.33333333333333,30.952380952380953,35.714285714285715
26.190476190476193,26.190476190476193,26.190476190476193
28.57142857142857,21.428571428571427,23.809523809523807
26.190476190476193,33.33333333333333,30.952380952380953
14.285714285714285,23.809523809523807,21.428571428571427
26.190476190476193,33.33333333333333,28.57142857142857
38.095238095238095,23.809523809523807,28.57142857142857
33.33333333333333,28.57142857142857,33.33333333333333
19.047619047619047,26.190476190476193,21.428571428571427
33.33333333333333,26.190476190476193,30.952380952380953
26.190476190476193,33.33333333333333,26.190476190476193
26.190476190476193,21.428571428571427,23.809523809523807
21.428571428571427,42.857142857142854,35.714285714285715
28.57142857142857,38.095238095238095,35.714285714285715
40.476190476190474,26.190476190476193,35.714285714285715
14.285714285714285,26.190476190476193,16.666666666666664
19.047619047619047,30.952380952380953,30.952380952380953
21.428571428571427,26.190476190476193,26.190476190476193
28.57142857142857,35.714285714285715,35.714285714285715
26.190476190476193,28.57142857142857,28.57142857142857
33.33333333333333,35.714285714285715,28.57142857142857
33.33333333333333,23.809523809523807,26.190476190476193
21.428571428571427,28.57142857142857,28.57142857142857
30.952380952380953,21.428571428571427,30.952380952380953
23.809523809523807,19.047619047619047,19.047619047619047
30.952380952380953,26.190476190476193,28.57142857142857
26.190476190476193,4.761904761904762,14.285714285714285
21.428571428571427,26.190476190476193,26.190476190476193
21.428571428571427,19.047619047619047,21.428571428571427
30.952380952380953,33.33333333333333,26.190476190476193
28.57142857142857,23.809523809523807,28.57142857142857
26.190476190476193,38.095238095238095,30.952380952380953
28.57142857142857,33.33333333333333,33.33333333333333
28.57142857142857,21.428571428571427,14.285714285714285
30.952380952380953,26.190476190476193,26.190476190476193
35.714285714285715,30.952380952380953,35.714285714285715
33.33333333333333,30.952380952380953,28.57142857142857
30.952380952380953,30.952380952380953,35.714285714285715
26.190476190476193,19.047619047619047,28.57142857142857
33.33333333333333,30.952380952380953,30.952380952380953
23.809523809523807,30.952380952380953,26.190476190476193
