seed,model,mean_acc,std_acc,ci_95_low,ci_95_high
42,Transformer (Mix),28.57142857142857,6.7679382874056655,14.285714285714285,40.476190476190474
42,AAGCN (Bone 3D),25.952380952380945,6.8387650554024155,14.166666666666664,40.476190476190474
42,SkelGym-Full,28.09523809523809,7.64875162105191,10.654761904761905,40.476190476190474
123,Transformer (Mix),27.45238095238095,7.6298658315667485,13.035714285714285,40.476190476190474
123,AAGCN (Bone 3D),28.19047619047619,7.661488934822833,13.035714285714285,40.476190476190474
123,SkelGym-Full,28.28571428571428,7.87717504066751,11.904761904761903,40.476190476190474
3407,Transformer (Mix),27.499999999999996,6.720657226796401,14.285714285714285,40.476190476190474
3407,AAGCN (Bone 3D),28.21428571428571,7.372306764471922,15.416666666666664,42.857142857142854
3407,SkelGym-Full,28.166666666666664,6.692594140281525,15.416666666666664,40.476190476190474
