seed,model,window_acc,recording_acc,macro_f1,recall_lateral raise,recall_push-up,recall_shoulder press,recall_squat
42,ST-GCN (Rel 3D),23.945267958950968,25.925925925925924,0.24180665349143612,58.333333333333336,6.666666666666667,41.66666666666667,6.666666666666667
42,Transformer (Mix),28.506271379703534,20.37037037037037,0.0859375,0.0,0.0,0.0,73.33333333333333
42,AAGCN (Bone 3D),20.410490307867732,22.22222222222222,0.14588859416445624,0.0,0.0,33.33333333333333,53.333333333333336
42,SkelGym-Lite,24.287343215507413,24.074074074074073,0.15740740740740738,0.0,0.0,33.33333333333333,60.0
42,SkelGym-Full,23.48916761687571,22.22222222222222,0.15863997113997114,0.0,6.666666666666667,16.666666666666664,60.0
123,ST-GCN (Rel 3D),23.945267958950968,25.925925925925924,0.24180665349143612,58.333333333333336,6.666666666666667,41.66666666666667,6.666666666666667
123,Transformer (Mix),25.883694412770808,25.925925925925924,0.1044776119402985,0.0,0.0,0.0,93.33333333333333
123,AAGCN (Bone 3D),24.9714937286203,27.77777777777778,0.19352180527383367,8.333333333333332,6.666666666666667,100.0,6.666666666666667
123,SkelGym-Lite,26.567844925883694,22.22222222222222,0.14102564102564102,0.0,0.0,25.0,60.0
123,SkelGym-Full,22.34891676168757,24.074074074074073,0.2081140350877193,0.0,26.666666666666668,25.0,40.0
3407,ST-GCN (Rel 3D),23.945267958950968,25.925925925925924,0.24180665349143612,58.333333333333336,6.666666666666667,41.66666666666667,6.666666666666667
3407,Transformer (Mix),20.86659064994299,20.37037037037037,0.11339522546419098,0.0,0.0,83.33333333333334,6.666666666666667
3407,AAGCN (Bone 3D),23.3751425313569,24.074074074074073,0.12961065573770492,0.0,0.0,100.0,6.666666666666667
3407,SkelGym-Lite,21.7787913340935,22.22222222222222,0.09230769230769231,0.0,0.0,100.0,0.0
3407,SkelGym-Full,23.033067274800455,22.22222222222222,0.09375,0.0,0.0,100.0,0.0
