seed,model,window_acc,recording_acc,macro_f1
42,ST-GCN (Rel 3D),0.22805017103762829,0.0,0.0
42,Transformer (Mix),0.45610034207525657,0.0,0.0
42,AAGCN (Bone 3D),2.1664766248574687,0.0,0.0
42,SkelGym-Lite,0.45610034207525657,0.0,0.0
42,SkelGym-Full,0.5701254275940707,0.0,0.0
123,ST-GCN (Rel 3D),0.22805017103762829,0.0,0.0
123,Transformer (Mix),5.587229190421892,3.7037037037037033,0.027777777777777776
123,AAGCN (Bone 3D),2.9646522234891677,1.8518518518518516,0.02631578947368421
123,SkelGym-Lite,3.762827822120866,1.8518518518518516,0.022727272727272728
123,SkelGym-Full,4.4469783352337515,1.8518518518518516,0.015625
3407,ST-GCN (Rel 3D),0.22805017103762829,0.0,0.0
3407,Transformer (Mix),17.103762827822123,18.51851851851852,0.11160714285714285
3407,AAGCN (Bone 3D),8.779931584948688,7.4074074074074066,0.058823529411764705
3407,SkelGym-Lite,10.376282782212087,11.11111111111111,0.07894736842105263
3407,SkelGym-Full,11.85860889395667,12.962962962962962,0.08536585365853659
