Transformer (Mix),AAGCN (Bone 3D),SkelGym-Lite,SkelGym-Full
100.0,100.0,100.0,100.0
100.0,100.0,100.0,100.0
100.0,100.0,100.0,100.0
90.9090909090909,100.0,100.0,100.0
100.0,100.0,100.0,100.0
100.0,100.0,100.0,100.0
85.71428571428571,100.0,85.71428571428571,85.71428571428571
71.42857142857143,85.71428571428571,71.42857142857143,71.42857142857143
80.95238095238095,85.71428571428571,100.0,100.0
85.71428571428571,100.0,85.71428571428571,85.71428571428571
66.66666666666666,88.88888888888889,100.0,100.0
100.0,100.0,100.0,100.0
93.33333333333333,90.0,93.33333333333333,100.0
95.23809523809523,85.71428571428571,100.0,100.0
100.0,100.0,100.0,100.0
85.71428571428571,100.0,85.71428571428571,85.71428571428571
86.66666666666667,96.66666666666667,100.0,100.0
90.47619047619048,85.71428571428571,100.0,100.0
100.0,90.47619047619048,100.0,100.0
100.0,100.0,100.0,100.0
87.5,100.0,87.5,87.5
83.33333333333334,83.33333333333334,83.33333333333334,88.88888888888889
90.9090909090909,100.0,90.9090909090909,90.9090909090909
100.0,100.0,100.0,100.0
95.23809523809523,85.71428571428571,100.0,100.0
100.0,100.0,100.0,100.0
100.0,100.0,100.0,100.0
96.66666666666667,100.0,100.0,100.0
81.81818181818183,100.0,81.81818181818183,81.81818181818183
97.61904761904762,92.85714285714286,100.0,100.0
100.0,90.47619047619048,100.0,100.0
75.0,100.0,75.0,75.0
81.81818181818183,100.0,81.81818181818183,81.81818181818183
77.77777777777779,100.0,100.0,100.0
100.0,100.0,100.0,100.0
87.5,100.0,87.5,87.5
100.0,100.0,100.0,100.0
100.0,100.0,100.0,100.0
85.71428571428571,100.0,85.71428571428571,85.71428571428571
95.23809523809523,100.0,100.0,100.0
75.0,100.0,75.0,75.0
95.23809523809523,100.0,100.0,100.0
96.66666666666667,90.0,100.0,100.0
100.0,100.0,100.0,100.0
100.0,100.0,100.0,100.0
100.0,100.0,100.0,100.0
90.47619047619048,90.47619047619048,100.0,100.0
100.0,100.0,100.0,100.0
83.33333333333334,83.33333333333334,83.33333333333334,83.33333333333334
100.0,100.0,100.0,100.0
100.0,100.0,100.0,100.0
95.23809523809523,100.0,100.0,100.0
100.0,100.0,100.0,100.0
95.83333333333334,100.0,100.0,100.0
100.0,100.0,100.0,100.0
80.95238095238095,90.47619047619048,95.23809523809523,100.0
100.0,100.0,100.0,100.0
100.0,100.0,100.0,100.0
100.0,100.0,100.0,100.0
71.42857142857143,100.0,85.71428571428571,85.71428571428571
100.0,100.0,100.0,100.0
100.0,100.0,100.0,100.0
87.5,91.66666666666666,87.5,87.5
90.47619047619048,85.71428571428571,100.0,100.0
85.71428571428571,100.0,90.47619047619048,100.0
100.0,100.0,100.0,100.0
83.33333333333334,100.0,87.5,87.5
66.66666666666666,66.66666666666666,66.66666666666666,66.66666666666666
100.0,100.0,100.0,100.0
100.0,83.33333333333334,100.0,100.0
100.0,90.9090909090909,100.0,100.0
100.0,100.0,100.0,100.0
85.71428571428571,85.71428571428571,85.71428571428571,85.71428571428571
87.5,100.0,87.5,87.5
91.66666666666666,100.0,100.0,100.0
100.0,100.0,100.0,100.0
100.0,100.0,100.0,100.0
100.0,66.66666666666666,100.0,100.0
100.0,100.0,100.0,100.0
92.85714285714286,100.0,100.0,100.0
91.66666666666666,100.0,100.0,100.0
90.47619047619048,100.0,100.0,100.0
95.23809523809523,95.23809523809523,100.0,100.0
93.93939393939394,100.0,100.0,100.0
100.0,100.0,100.0,100.0
85.71428571428571,100.0,85.71428571428571,85.71428571428571
95.23809523809523,100.0,100.0,100.0
96.96969696969697,90.9090909090909,100.0,100.0
100.0,100.0,100.0,100.0
100.0,100.0,100.0,100.0
84.84848484848484,96.96969696969697,90.9090909090909,90.9090909090909
95.23809523809523,100.0,100.0,100.0
100.0,100.0,100.0,100.0
77.77777777777779,83.33333333333334,94.44444444444444,100.0
90.0,90.0,86.66666666666667,100.0
88.88888888888889,100.0,100.0,100.0
96.96969696969697,100.0,100.0,100.0
95.83333333333334,100.0,100.0,100.0
79.16666666666666,100.0,100.0,100.0
96.66666666666667,90.0,100.0,100.0
100.0,85.71428571428571,100.0,100.0
100.0,100.0,100.0,100.0
90.47619047619048,100.0,90.47619047619048,95.23809523809523
96.96969696969697,96.96969696969697,96.96969696969697,100.0
100.0,100.0,100.0,100.0
95.23809523809523,85.71428571428571,95.23809523809523,100.0
100.0,77.77777777777779,100.0,100.0
100.0,100.0,100.0,100.0
95.83333333333334,100.0,95.83333333333334,100.0
91.66666666666666,100.0,91.66666666666666,100.0
100.0,100.0,100.0,100.0
96.96969696969697,100.0,96.96969696969697,96.96969696969697
96.66666666666667,100.0,96.66666666666667,100.0
100.0,100.0,100.0,100.0
100.0,100.0,100.0,100.0
75.0,100.0,75.0,75.0
90.47619047619048,100.0,90.47619047619048,95.23809523809523
100.0,66.66666666666666,100.0,100.0
100.0,100.0,100.0,100.0
95.83333333333334,100.0,100.0,100.0
100.0,100.0,100.0,100.0
100.0,100.0,100.0,100.0
100.0,100.0,100.0,100.0
95.23809523809523,100.0,95.23809523809523,100.0
96.96969696969697,100.0,96.96969696969697,96.96969696969697
100.0,100.0,100.0,100.0
96.66666666666667,86.66666666666667,96.66666666666667,100.0
85.71428571428571,100.0,85.71428571428571,85.71428571428571
85.71428571428571,100.0,85.71428571428571,85.71428571428571
90.47619047619048,100.0,95.23809523809523,95.23809523809523
100.0,100.0,100.0,100.0
100.0,100.0,100.0,100.0
100.0,100.0,100.0,100.0
85.71428571428571,100.0,85.71428571428571,85.71428571428571
75.0,100.0,75.0,75.0
87.5,100.0,95.83333333333334,100.0
81.81818181818183,100.0,81.81818181818183,81.81818181818183
100.0,100.0,100.0,100.0
100.0,100.0,100.0,100.0
95.23809523809523,85.71428571428571,95.23809523809523,100.0
100.0,100.0,100.0,100.0
95.83333333333334,100.0,100.0,100.0
93.93939393939394,100.0,96.96969696969697,96.96969696969697
95.23809523809523,90.47619047619048,100.0,100.0
100.0,95.23809523809523,100.0,100.0
100.0,100.0,100.0,100.0
100.0,100.0,100.0,100.0
85.71428571428571,100.0,85.71428571428571,85.71428571428571
83.33333333333334,100.0,83.33333333333334,83.33333333333334
100.0,83.33333333333334,100.0,100.0
85.71428571428571,100.0,85.71428571428571,85.71428571428571
96.96969696969697,96.96969696969697,96.96969696969697,100.0
100.0,100.0,100.0,100.0
85.71428571428571,95.23809523809523,85.71428571428571,90.47619047619048
85.71428571428571,100.0,85.71428571428571,95.23809523809523
85.71428571428571,100.0,95.23809523809523,95.23809523809523
90.0,90.0,90.0,90.0
85.71428571428571,85.71428571428571,80.95238095238095,80.95238095238095
85.71428571428571,100.0,85.71428571428571,85.71428571428571
100.0,66.66666666666666,100.0,100.0
83.33333333333334,100.0,91.66666666666666,91.66666666666666
90.0,100.0,90.0,90.0
96.96969696969697,100.0,96.96969696969697,100.0
96.96969696969697,100.0,96.96969696969697,96.96969696969697
100.0,100.0,100.0,100.0
100.0,100.0,100.0,100.0
97.61904761904762,92.85714285714286,97.61904761904762,100.0
100.0,100.0,100.0,100.0
90.47619047619048,100.0,90.47619047619048,95.23809523809523
96.66666666666667,90.0,96.66666666666667,100.0
100.0,100.0,100.0,100.0
96.96969696969697,96.96969696969697,96.96969696969697,100.0
100.0,100.0,100.0,100.0
95.83333333333334,100.0,95.83333333333334,95.83333333333334
100.0,77.77777777777779,100.0,100.0
96.66666666666667,86.66666666666667,100.0,100.0
100.0,72.22222222222221,100.0,100.0
100.0,100.0,100.0,100.0
85.71428571428571,85.71428571428571,100.0,100.0
91.66666666666666,100.0,91.66666666666666,95.83333333333334
85.71428571428571,85.71428571428571,85.71428571428571,85.71428571428571
100.0,77.77777777777779,100.0,100.0
95.23809523809523,100.0,100.0,100.0
100.0,100.0,100.0,100.0
100.0,100.0,100.0,100.0
100.0,100.0,100.0,100.0
95.23809523809523,85.71428571428571,95.23809523809523,100.0
75.0,100.0,75.0,75.0
92.85714285714286,100.0,100.0,100.0
100.0,100.0,100.0,100.0
100.0,100.0,100.0,100.0
100.0,100.0,100.0,100.0
100.0,100.0,100.0,100.0
100.0,90.0,100.0,100.0
100.0,100.0,100.0,100.0
100.0,100.0,100.0,100.0
100.0,100.0,100.0,100.0
95.23809523809523,85.71428571428571,95.23809523809523,100.0
96.96969696969697,90.9090909090909,96.96969696969697,100.0
95.23809523809523,85.71428571428571,95.23809523809523,100.0
72.22222222222221,100.0,72.22222222222221,77.77777777777779
100.0,100.0,100.0,100.0
95.23809523809523,100.0,100.0,100.0
100.0,100.0,100.0,100.0
90.47619047619048,100.0,95.23809523809523,95.23809523809523
90.47619047619048,100.0,90.47619047619048,95.23809523809523
100.0,100.0,100.0,100.0
100.0,100.0,100.0,100.0
85.71428571428571,85.71428571428571,90.47619047619048,100.0
100.0,100.0,100.0,100.0
100.0,100.0,100.0,100.0
100.0,100.0,100.0,100.0
100.0,100.0,100.0,100.0
100.0,100.0,100.0,100.0
100.0,100.0,100.0,100.0
100.0,100.0,100.0,100.0
83.33333333333334,100.0,94.44444444444444,100.0
100.0,100.0,100.0,100.0
100.0,100.0,100.0,100.0
100.0,85.71428571428571,100.0,100.0
100.0,100.0,100.0,100.0
100.0,100.0,100.0,100.0
100.0,100.0,100.0,100.0
100.0,100.0,100.0,100.0
85.71428571428571,95.23809523809523,85.71428571428571,85.71428571428571
72.22222222222221,100.0,72.22222222222221,77.77777777777779
100.0,100.0,100.0,100.0
100.0,100.0,100.0,100.0
100.0,100.0,100.0,100.0
100.0,91.66666666666666,100.0,100.0
75.0,75.0,75.0,87.5
100.0,100.0,100.0,100.0
100.0,100.0,100.0,100.0
100.0,100.0,100.0,100.0
96.96969696969697,100.0,96.96969696969697,96.96969696969697
100.0,100.0,100.0,100.0
85.71428571428571,100.0,85.71428571428571,85.71428571428571
100.0,100.0,100.0,100.0
100.0,100.0,100.0,100.0
100.0,91.66666666666666,100.0,100.0
100.0,100.0,100.0,100.0
100.0,100.0,100.0,100.0
93.33333333333333,100.0,93.33333333333333,96.66666666666667
100.0,100.0,100.0,100.0
100.0,100.0,100.0,100.0
100.0,100.0,100.0,100.0
100.0,100.0,100.0,100.0
100.0,90.47619047619048,100.0,100.0
100.0,100.0,100.0,100.0
100.0,100.0,100.0,100.0
85.71428571428571,100.0,95.23809523809523,100.0
100.0,100.0,100.0,100.0
100.0,100.0,100.0,100.0
100.0,100.0,100.0,100.0
100.0,100.0,100.0,100.0
95.83333333333334,100.0,100.0,100.0
75.0,100.0,75.0,91.66666666666666
90.47619047619048,100.0,90.47619047619048,95.23809523809523
100.0,100.0,100.0,100.0
95.23809523809523,100.0,100.0,100.0
100.0,100.0,100.0,100.0
93.33333333333333,100.0,93.33333333333333,96.66666666666667
100.0,100.0,100.0,100.0
100.0,100.0,100.0,100.0
100.0,100.0,100.0,100.0
95.83333333333334,100.0,100.0,100.0
100.0,100.0,100.0,100.0
100.0,100.0,100.0,100.0
100.0,100.0,100.0,100.0
100.0,100.0,100.0,100.0
75.0,83.33333333333334,75.0,91.66666666666666
100.0,100.0,100.0,100.0
100.0,100.0,100.0,100.0
100.0,75.0,100.0,100.0
100.0,100.0,100.0,100.0
95.83333333333334,100.0,100.0,100.0
100.0,100.0,100.0,100.0
100.0,100.0,100.0,100.0
83.33333333333334,100.0,94.44444444444444,100.0
100.0,100.0,100.0,100.0
100.0,100.0,100.0,100.0
95.23809523809523,100.0,100.0,100.0
100.0,100.0,100.0,100.0
100.0,75.0,100.0,100.0
100.0,100.0,100.0,100.0
100.0,100.0,100.0,100.0
85.71428571428571,100.0,95.23809523809523,100.0
100.0,100.0,100.0,100.0
100.0,100.0,100.0,100.0
100.0,100.0,100.0,100.0
100.0,100.0,100.0,100.0
100.0,100.0,100.0,100.0
83.33333333333334,100.0,94.44444444444444,100.0
100.0,100.0,100.0,100.0
100.0,100.0,100.0,100.0
100.0,100.0,100.0,100.0
100.0,100.0,100.0,100.0
85.71428571428571,100.0,85.71428571428571,100.0
100.0,100.0,100.0,100.0
100.0,100.0,100.0,100.0
