dataset,subject,record_id,true_class,pred_class,confidence,second_class,second_confidence,margin,pose_source
mmfit,w00,mmfit_w00_seg24_lateral_shoulder_raises,lateral raise,hip thrust,0.5091596841812134,lateral raise,0.24817487597465515,0.2609848082065582,mediapipe
mmfit,w00,mmfit_w00_seg24_lateral_shoulder_raises,lateral raise,leg extension,0.31069493293762207,hip thrust,0.308762788772583,0.0019321441650390625,mediapipe
mmfit,w00,mmfit_w00_seg24_lateral_shoulder_raises,lateral raise,hip thrust,0.19258375465869904,leg extension,0.1599542647600174,0.03262948989868164,mediapipe
mmfit,w00,mmfit_w00_seg24_lateral_shoulder_raises,lateral raise,hip thrust,0.2585519850254059,decline bench press,0.14990170300006866,0.10865028202533722,mediapipe
mmfit,w00,mmfit_w00_seg24_lateral_shoulder_raises,lateral raise,hip thrust,0.43762221932411194,lateral raise,0.2291763424873352,0.20844587683677673,mediapipe
mmfit,w00,mmfit_w00_seg24_lateral_shoulder_raises,lateral raise,leg extension,0.24421149492263794,hip thrust,0.2339066118001938,0.010304883122444153,mediapipe
mmfit,w00,mmfit_w00_seg24_lateral_shoulder_raises,lateral raise,leg extension,0.2276049554347992,hip thrust,0.18623396754264832,0.04137098789215088,mediapipe
mmfit,w00,mmfit_w00_seg24_lateral_shoulder_raises,lateral raise,hip thrust,0.4695913791656494,lateral raise,0.24034932255744934,0.22924205660820007,mediapipe
mmfit,w00,mmfit_w00_seg24_lateral_shoulder_raises,lateral raise,hip thrust,0.5216565728187561,lateral raise,0.26938027143478394,0.25227630138397217,mediapipe
mmfit,w00,mmfit_w00_seg24_lateral_shoulder_raises,lateral raise,hip thrust,0.3831906020641327,leg extension,0.2760949730873108,0.1070956289768219,mediapipe
mmfit,w00,mmfit_w00_seg24_lateral_shoulder_raises,lateral raise,hip thrust,0.2756379246711731,leg extension,0.2313982993364334,0.044239625334739685,mediapipe
mmfit,w00,mmfit_w00_seg24_lateral_shoulder_raises,lateral raise,hip thrust,0.4450397789478302,decline bench press,0.1350344717502594,0.3100053071975708,mediapipe
mmfit,w00,mmfit_w00_seg24_lateral_shoulder_raises,lateral raise,hip thrust,0.40299728512763977,decline bench press,0.1625010222196579,0.24049626290798187,mediapipe
mmfit,w00,mmfit_w00_seg25_lateral_shoulder_raises,lateral raise,hip thrust,0.4858614206314087,lateral raise,0.2094314694404602,0.2764299511909485,mediapipe
mmfit,w00,mmfit_w00_seg25_lateral_shoulder_raises,lateral raise,hip thrust,0.43498095870018005,leg extension,0.26718786358833313,0.16779309511184692,mediapipe
mmfit,w00,mmfit_w00_seg25_lateral_shoulder_raises,lateral raise,hip thrust,0.4029702842235565,leg extension,0.27302810549736023,0.1299421787261963,mediapipe
mmfit,w00,mmfit_w00_seg25_lateral_shoulder_raises,lateral raise,hip thrust,0.5174779891967773,leg extension,0.14429134130477905,0.3731866478919983,mediapipe
mmfit,w00,mmfit_w00_seg25_lateral_shoulder_raises,lateral raise,hip thrust,0.5695157647132874,lateral raise,0.11406479775905609,0.45545096695423126,mediapipe
mmfit,w00,mmfit_w00_seg25_lateral_shoulder_raises,lateral raise,hip thrust,0.4294807016849518,leg extension,0.26957017183303833,0.15991052985191345,mediapipe
mmfit,w00,mmfit_w00_seg25_lateral_shoulder_raises,lateral raise,hip thrust,0.33654144406318665,russian twist,0.21164797246456146,0.12489347159862518,mediapipe
mmfit,w00,mmfit_w00_seg25_lateral_shoulder_raises,lateral raise,hip thrust,0.512263834476471,lateral raise,0.14442262053489685,0.3678412139415741,mediapipe
mmfit,w00,mmfit_w00_seg25_lateral_shoulder_raises,lateral raise,hip thrust,0.40942785143852234,lateral raise,0.18230752646923065,0.2271203249692917,mediapipe
mmfit,w00,mmfit_w00_seg25_lateral_shoulder_raises,lateral raise,hip thrust,0.38006848096847534,leg extension,0.20709995925426483,0.1729685217142105,mediapipe
mmfit,w00,mmfit_w00_seg25_lateral_shoulder_raises,lateral raise,hip thrust,0.3420020043849945,leg extension,0.2581700384616852,0.08383196592330933,mediapipe
mmfit,w00,mmfit_w00_seg25_lateral_shoulder_raises,lateral raise,hip thrust,0.5656116008758545,barbell biceps curl,0.1553429216146469,0.4102686792612076,mediapipe
mmfit,w00,mmfit_w00_seg25_lateral_shoulder_raises,lateral raise,hip thrust,0.5610616207122803,hammer curl,0.12841403484344482,0.43264758586883545,mediapipe
mmfit,w00,mmfit_w00_seg26_lateral_shoulder_raises,lateral raise,hip thrust,0.5341177582740784,lateral raise,0.15107828378677368,0.3830394744873047,mediapipe
mmfit,w00,mmfit_w00_seg26_lateral_shoulder_raises,lateral raise,hip thrust,0.2669021487236023,russian twist,0.2566898465156555,0.010212302207946777,mediapipe
mmfit,w00,mmfit_w00_seg26_lateral_shoulder_raises,lateral raise,hip thrust,0.29178595542907715,russian twist,0.22672881186008453,0.06505714356899261,mediapipe
mmfit,w00,mmfit_w00_seg26_lateral_shoulder_raises,lateral raise,hip thrust,0.47469040751457214,lateral raise,0.23613081872463226,0.23855958878993988,mediapipe
mmfit,w00,mmfit_w00_seg26_lateral_shoulder_raises,lateral raise,hip thrust,0.5181193351745605,lateral raise,0.17018628120422363,0.3479330539703369,mediapipe
mmfit,w00,mmfit_w00_seg26_lateral_shoulder_raises,lateral raise,hip thrust,0.42578572034835815,leg extension,0.2509000897407532,0.17488563060760498,mediapipe
mmfit,w00,mmfit_w00_seg26_lateral_shoulder_raises,lateral raise,hip thrust,0.3179934322834015,leg extension,0.25548386573791504,0.06250956654548645,mediapipe
mmfit,w00,mmfit_w00_seg26_lateral_shoulder_raises,lateral raise,hip thrust,0.5048999786376953,lateral raise,0.22659426927566528,0.27830570936203003,mediapipe
mmfit,w00,mmfit_w00_seg26_lateral_shoulder_raises,lateral raise,hip thrust,0.5033838152885437,lateral raise,0.1485193967819214,0.3548644185066223,mediapipe
mmfit,w00,mmfit_w00_seg26_lateral_shoulder_raises,lateral raise,hip thrust,0.3796705901622772,leg extension,0.14526106417179108,0.23440952599048615,mediapipe
mmfit,w00,mmfit_w00_seg26_lateral_shoulder_raises,lateral raise,hip thrust,0.38762855529785156,leg extension,0.20907433331012726,0.1785542219877243,mediapipe
mmfit,w00,mmfit_w00_seg26_lateral_shoulder_raises,lateral raise,hip thrust,0.45075252652168274,leg extension,0.19023144245147705,0.2605210840702057,mediapipe
mmfit,w00,mmfit_w00_seg26_lateral_shoulder_raises,lateral raise,hip thrust,0.36135318875312805,lateral raise,0.2011968046426773,0.16015638411045074,mediapipe
mmfit,w05,mmfit_w05_seg24_lateral_shoulder_raises,lateral raise,hip thrust,0.44963937997817993,lateral raise,0.23916423320770264,0.2104751467704773,mediapipe
mmfit,w05,mmfit_w05_seg24_lateral_shoulder_raises,lateral raise,hip thrust,0.2507929503917694,lateral raise,0.2026902139186859,0.048102736473083496,mediapipe
mmfit,w05,mmfit_w05_seg24_lateral_shoulder_raises,lateral raise,hip thrust,0.2380429059267044,leg extension,0.23796387016773224,7.903575897216797e-05,mediapipe
mmfit,w05,mmfit_w05_seg24_lateral_shoulder_raises,lateral raise,hip thrust,0.4211220443248749,leg extension,0.12510047852993011,0.29602156579494476,mediapipe
mmfit,w05,mmfit_w05_seg24_lateral_shoulder_raises,lateral raise,hip thrust,0.39708587527275085,lateral raise,0.23442497849464417,0.1626608967781067,mediapipe
mmfit,w05,mmfit_w05_seg24_lateral_shoulder_raises,lateral raise,hip thrust,0.3146858215332031,romanian deadlift,0.13474023342132568,0.17994558811187744,mediapipe
mmfit,w05,mmfit_w05_seg24_lateral_shoulder_raises,lateral raise,leg extension,0.25350674986839294,hip thrust,0.17974284291267395,0.073763906955719,mediapipe
mmfit,w05,mmfit_w05_seg24_lateral_shoulder_raises,lateral raise,hip thrust,0.30651918053627014,romanian deadlift,0.15995487570762634,0.1465643048286438,mediapipe
mmfit,w05,mmfit_w05_seg24_lateral_shoulder_raises,lateral raise,russian twist,0.2779994606971741,lateral raise,0.26153406500816345,0.01646539568901062,mediapipe
mmfit,w05,mmfit_w05_seg24_lateral_shoulder_raises,lateral raise,romanian deadlift,0.22918155789375305,hip thrust,0.1930859088897705,0.036095649003982544,mediapipe
mmfit,w05,mmfit_w05_seg24_lateral_shoulder_raises,lateral raise,hip thrust,0.24874134361743927,lateral raise,0.18074530363082886,0.06799603998661041,mediapipe
mmfit,w05,mmfit_w05_seg24_lateral_shoulder_raises,lateral raise,hip thrust,0.35400834679603577,leg extension,0.25616875290870667,0.0978395938873291,mediapipe
mmfit,w05,mmfit_w05_seg24_lateral_shoulder_raises,lateral raise,hip thrust,0.330931156873703,lateral raise,0.26906031370162964,0.061870843172073364,mediapipe
mmfit,w05,mmfit_w05_seg25_lateral_shoulder_raises,lateral raise,hip thrust,0.5878430604934692,lateral raise,0.08462556451559067,0.5032174959778786,mediapipe
mmfit,w05,mmfit_w05_seg25_lateral_shoulder_raises,lateral raise,hip thrust,0.32302841544151306,leg extension,0.32292112708091736,0.00010728836059570312,mediapipe
mmfit,w05,mmfit_w05_seg25_lateral_shoulder_raises,lateral raise,hip thrust,0.46461743116378784,leg extension,0.18488872051239014,0.2797287106513977,mediapipe
mmfit,w05,mmfit_w05_seg25_lateral_shoulder_raises,lateral raise,hip thrust,0.6213963031768799,lateral raise,0.25930532813072205,0.36209097504615784,mediapipe
mmfit,w05,mmfit_w05_seg25_lateral_shoulder_raises,lateral raise,hip thrust,0.4529320299625397,leg extension,0.27064594626426697,0.1822860836982727,mediapipe
mmfit,w05,mmfit_w05_seg25_lateral_shoulder_raises,lateral raise,hip thrust,0.4289679527282715,leg extension,0.27042558789253235,0.15854236483573914,mediapipe
mmfit,w05,mmfit_w05_seg25_lateral_shoulder_raises,lateral raise,hip thrust,0.6122018098831177,lateral raise,0.2310941070318222,0.38110770285129547,mediapipe
mmfit,w05,mmfit_w05_seg25_lateral_shoulder_raises,lateral raise,hip thrust,0.602666437625885,lateral raise,0.17565923929214478,0.42700719833374023,mediapipe
mmfit,w05,mmfit_w05_seg25_lateral_shoulder_raises,lateral raise,hip thrust,0.32066985964775085,leg extension,0.3071175217628479,0.013552337884902954,mediapipe
mmfit,w05,mmfit_w05_seg25_lateral_shoulder_raises,lateral raise,hip thrust,0.34829819202423096,barbell biceps curl,0.18882670998573303,0.15947148203849792,mediapipe
mmfit,w05,mmfit_w05_seg25_lateral_shoulder_raises,lateral raise,hip thrust,0.5773122906684875,lateral raise,0.24245700240135193,0.3348552882671356,mediapipe
mmfit,w05,mmfit_w05_seg25_lateral_shoulder_raises,lateral raise,hip thrust,0.4667534828186035,russian twist,0.11556947231292725,0.35118401050567627,mediapipe
mmfit,w05,mmfit_w05_seg25_lateral_shoulder_raises,lateral raise,leg extension,0.2933226227760315,hip thrust,0.16802632808685303,0.12529629468917847,mediapipe
mmfit,w05,mmfit_w05_seg25_lateral_shoulder_raises,lateral raise,hip thrust,0.3674459159374237,russian twist,0.20006084442138672,0.167385071516037,mediapipe
mmfit,w05,mmfit_w05_seg26_lateral_shoulder_raises,lateral raise,hip thrust,0.5705090165138245,barbell biceps curl,0.11561636626720428,0.4548926502466202,mediapipe
mmfit,w05,mmfit_w05_seg26_lateral_shoulder_raises,lateral raise,leg extension,0.3474268317222595,hip thrust,0.17181968688964844,0.17560714483261108,mediapipe
mmfit,w05,mmfit_w05_seg26_lateral_shoulder_raises,lateral raise,hip thrust,0.356929212808609,russian twist,0.1545012891292572,0.2024279236793518,mediapipe
mmfit,w05,mmfit_w05_seg26_lateral_shoulder_raises,lateral raise,hip thrust,0.48927775025367737,lateral raise,0.22006100416183472,0.26921674609184265,mediapipe
mmfit,w05,mmfit_w05_seg26_lateral_shoulder_raises,lateral raise,hip thrust,0.5635822415351868,lateral raise,0.1993137001991272,0.36426854133605957,mediapipe
mmfit,w05,mmfit_w05_seg26_lateral_shoulder_raises,lateral raise,hip thrust,0.3449687957763672,leg extension,0.2371111512184143,0.10785764455795288,mediapipe
mmfit,w05,mmfit_w05_seg26_lateral_shoulder_raises,lateral raise,russian twist,0.2486526370048523,hip thrust,0.2461467832326889,0.002505853772163391,mediapipe
mmfit,w05,mmfit_w05_seg26_lateral_shoulder_raises,lateral raise,hip thrust,0.3435102701187134,russian twist,0.1972324699163437,0.1462778002023697,mediapipe
mmfit,w05,mmfit_w05_seg26_lateral_shoulder_raises,lateral raise,hip thrust,0.3099391758441925,russian twist,0.23700183629989624,0.07293733954429626,mediapipe
mmfit,w05,mmfit_w05_seg26_lateral_shoulder_raises,lateral raise,hip thrust,0.3722715377807617,leg extension,0.18441666662693024,0.18785487115383148,mediapipe
mmfit,w05,mmfit_w05_seg26_lateral_shoulder_raises,lateral raise,hip thrust,0.2786410450935364,leg extension,0.2382655292749405,0.040375515818595886,mediapipe
mmfit,w05,mmfit_w05_seg26_lateral_shoulder_raises,lateral raise,hip thrust,0.5594276785850525,tricep Pushdown,0.13276463747024536,0.42666304111480713,mediapipe
mmfit,w05,mmfit_w05_seg26_lateral_shoulder_raises,lateral raise,russian twist,0.3033803105354309,hip thrust,0.2704400420188904,0.03294026851654053,mediapipe
mmfit,w12,mmfit_w12_seg00_squats,squat,chest fly machine,0.5734583735466003,squat,0.33646348118782043,0.2369948923587799,mediapipe
mmfit,w12,mmfit_w12_seg01_squats,squat,chest fly machine,0.6675659418106079,squat,0.18590298295021057,0.48166295886039734,mediapipe
mmfit,w12,mmfit_w12_seg01_squats,squat,chest fly machine,0.603936493396759,squat,0.18006964027881622,0.4238668531179428,mediapipe
mmfit,w12,mmfit_w12_seg02_squats,squat,chest fly machine,0.43765494227409363,squat,0.4309852123260498,0.006669729948043823,mediapipe
mmfit,w12,mmfit_w12_seg02_squats,squat,lateral raise,0.4296528697013855,squat,0.4295225143432617,0.0001303553581237793,mediapipe
mmfit,w12,mmfit_w12_seg02_squats,squat,chest fly machine,0.5834739804267883,squat,0.38220080733299255,0.20127317309379578,mediapipe
mmfit,w13,mmfit_w13_seg00_squats,squat,chest fly machine,0.4294613003730774,squat,0.2612588107585907,0.1682024896144867,mediapipe
mmfit,w13,mmfit_w13_seg00_squats,squat,t bar row,0.4097859263420105,squat,0.358541339635849,0.0512445867061615,mediapipe
mmfit,w13,mmfit_w13_seg00_squats,squat,decline bench press,0.2932731807231903,squat,0.2535924017429352,0.03968077898025513,mediapipe
mmfit,w13,mmfit_w13_seg00_squats,squat,t bar row,0.4463534653186798,squat,0.32480156421661377,0.12155190110206604,mediapipe
mmfit,w13,mmfit_w13_seg00_squats,squat,decline bench press,0.4490123391151428,squat,0.29321420192718506,0.15579813718795776,mediapipe
mmfit,w13,mmfit_w13_seg00_squats,squat,t bar row,0.4341928958892822,squat,0.4174121618270874,0.016780734062194824,mediapipe
mmfit,w13,mmfit_w13_seg00_squats,squat,t bar row,0.4397222101688385,squat,0.38229113817214966,0.05743107199668884,mediapipe
mmfit,w13,mmfit_w13_seg00_squats,squat,t bar row,0.5275512933731079,squat,0.24211841821670532,0.2854328751564026,mediapipe
mmfit,w13,mmfit_w13_seg00_squats,squat,chest fly machine,0.4336826205253601,squat,0.27704423666000366,0.15663838386535645,mediapipe
mmfit,w13,mmfit_w13_seg00_squats,squat,chest fly machine,0.3684196472167969,squat,0.33350321650505066,0.034916430711746216,mediapipe
mmfit,w13,mmfit_w13_seg00_squats,squat,chest fly machine,0.47928524017333984,squat,0.27285152673721313,0.2064337134361267,mediapipe
mmfit,w13,mmfit_w13_seg00_squats,squat,decline bench press,0.4248468577861786,squat,0.25899311900138855,0.16585373878479004,mediapipe
mmfit,w13,mmfit_w13_seg01_squats,squat,t bar row,0.43639126420021057,squat,0.33528634905815125,0.10110491514205933,mediapipe
mmfit,w13,mmfit_w13_seg01_squats,squat,decline bench press,0.3789462447166443,squat,0.3258838653564453,0.053062379360198975,mediapipe
mmfit,w13,mmfit_w13_seg01_squats,squat,t bar row,0.4846321940422058,squat,0.2582434117794037,0.22638878226280212,mediapipe
mmfit,w13,mmfit_w13_seg01_squats,squat,decline bench press,0.39488086104393005,squat,0.25873056054115295,0.1361503005027771,mediapipe
mmfit,w13,mmfit_w13_seg01_squats,squat,t bar row,0.5173085331916809,squat,0.24199533462524414,0.27531319856643677,mediapipe
mmfit,w13,mmfit_w13_seg01_squats,squat,decline bench press,0.4463721513748169,squat,0.25673744082450867,0.18963471055030823,mediapipe
mmfit,w13,mmfit_w13_seg01_squats,squat,t bar row,0.4437045156955719,squat,0.2879544198513031,0.1557500958442688,mediapipe
mmfit,w13,mmfit_w13_seg01_squats,squat,t bar row,0.47127363085746765,deadlift,0.20313028991222382,0.26814334094524384,mediapipe
mmfit,w13,mmfit_w13_seg01_squats,squat,t bar row,0.4718545079231262,chest fly machine,0.20613984763622284,0.2657146602869034,mediapipe
mmfit,w13,mmfit_w13_seg01_squats,squat,chest fly machine,0.4742755591869354,squat,0.230259969830513,0.24401558935642242,mediapipe
mmfit,w13,mmfit_w13_seg01_squats,squat,t bar row,0.42007187008857727,squat,0.3276981711387634,0.09237369894981384,mediapipe
mmfit,w13,mmfit_w13_seg01_squats,squat,chest fly machine,0.46912965178489685,squat,0.23080065846443176,0.2383289933204651,mediapipe
mmfit,w13,mmfit_w13_seg01_squats,squat,t bar row,0.46232685446739197,chest fly machine,0.2275303453207016,0.23479650914669037,mediapipe
mmfit,w13,mmfit_w13_seg01_squats,squat,chest fly machine,0.2912987172603607,squat,0.24323301017284393,0.048065707087516785,mediapipe
mmfit,w13,mmfit_w13_seg01_squats,squat,t bar row,0.44759401679039,squat,0.28652408719062805,0.16106992959976196,mediapipe
mmfit,w13,mmfit_w13_seg02_squats,squat,decline bench press,0.5102047324180603,squat,0.24860771000385284,0.26159702241420746,mediapipe
mmfit,w13,mmfit_w13_seg02_squats,squat,chest fly machine,0.3756762444972992,squat,0.25177571177482605,0.12390053272247314,mediapipe
mmfit,w13,mmfit_w13_seg02_squats,squat,chest fly machine,0.40345942974090576,squat,0.30960866808891296,0.0938507616519928,mediapipe
mmfit,w13,mmfit_w13_seg02_squats,squat,chest fly machine,0.38705241680145264,squat,0.3750983476638794,0.011954069137573242,mediapipe
mmfit,w13,mmfit_w13_seg02_squats,squat,chest fly machine,0.461484432220459,squat,0.38442713022232056,0.07705730199813843,mediapipe
mmfit,w13,mmfit_w13_seg02_squats,squat,chest fly machine,0.4820469617843628,squat,0.3214406967163086,0.1606062650680542,mediapipe
mmfit,w13,mmfit_w13_seg02_squats,squat,chest fly machine,0.5719642639160156,t bar row,0.18535637855529785,0.3866078853607178,mediapipe
mmfit,w13,mmfit_w13_seg02_squats,squat,chest fly machine,0.5536530017852783,squat,0.26756611466407776,0.28608688712120056,mediapipe
mmfit,w13,mmfit_w13_seg02_squats,squat,chest fly machine,0.5614427328109741,squat,0.2132895141839981,0.348153218626976,mediapipe
mmfit,w13,mmfit_w13_seg02_squats,squat,chest fly machine,0.5137427449226379,squat,0.2945247292518616,0.21921801567077637,mediapipe
mmfit,w13,mmfit_w13_seg02_squats,squat,chest fly machine,0.49678611755371094,squat,0.3602469265460968,0.13653919100761414,mediapipe
mmfit,w13,mmfit_w13_seg02_squats,squat,chest fly machine,0.4596613049507141,squat,0.31881001591682434,0.14085128903388977,mediapipe
mmfit,w13,mmfit_w13_seg02_squats,squat,chest fly machine,0.43865662813186646,squat,0.3502795398235321,0.08837708830833435,mediapipe
mmfit,w13,mmfit_w13_seg06_dumbbell_shoulder_press,shoulder press,barbell biceps curl,0.39267534017562866,shoulder press,0.2563183605670929,0.13635697960853577,mediapipe
mmfit,w13,mmfit_w13_seg24_lateral_shoulder_raises,lateral raise,chest fly machine,0.3660728931427002,lateral raise,0.2667652368545532,0.09930765628814697,mediapipe
mmfit,w13,mmfit_w13_seg24_lateral_shoulder_raises,lateral raise,t bar row,0.5036022663116455,hip thrust,0.2314399927854538,0.2721622735261917,mediapipe
mmfit,w13,mmfit_w13_seg24_lateral_shoulder_raises,lateral raise,t bar row,0.4363424479961395,lateral raise,0.2704201340675354,0.16592231392860413,mediapipe
mmfit,w13,mmfit_w13_seg24_lateral_shoulder_raises,lateral raise,t bar row,0.44952285289764404,hip thrust,0.21813659369945526,0.23138625919818878,mediapipe
mmfit,w13,mmfit_w13_seg24_lateral_shoulder_raises,lateral raise,chest fly machine,0.5446544289588928,lateral raise,0.2756756544113159,0.2689787745475769,mediapipe
mmfit,w13,mmfit_w13_seg24_lateral_shoulder_raises,lateral raise,leg extension,0.47630447149276733,lateral raise,0.23028148710727692,0.24602298438549042,mediapipe
mmfit,w13,mmfit_w13_seg24_lateral_shoulder_raises,lateral raise,chest fly machine,0.5268596410751343,lateral raise,0.2749887704849243,0.25187087059020996,mediapipe
mmfit,w13,mmfit_w13_seg24_lateral_shoulder_raises,lateral raise,chest fly machine,0.4735495150089264,lateral raise,0.2744199335575104,0.19912958145141602,mediapipe
mmfit,w13,mmfit_w13_seg24_lateral_shoulder_raises,lateral raise,chest fly machine,0.501176118850708,lateral raise,0.17340236902236938,0.3277737498283386,mediapipe
mmfit,w13,mmfit_w13_seg24_lateral_shoulder_raises,lateral raise,leg extension,0.6367498636245728,lateral raise,0.20565801858901978,0.431091845035553,mediapipe
mmfit,w13,mmfit_w13_seg24_lateral_shoulder_raises,lateral raise,chest fly machine,0.5877299308776855,lateral raise,0.2682651877403259,0.3194647431373596,mediapipe
mmfit,w13,mmfit_w13_seg24_lateral_shoulder_raises,lateral raise,chest fly machine,0.28850293159484863,leg extension,0.25033968687057495,0.03816324472427368,mediapipe
mmfit,w13,mmfit_w13_seg24_lateral_shoulder_raises,lateral raise,chest fly machine,0.4749378561973572,lateral raise,0.24810177087783813,0.22683608531951904,mediapipe
mmfit,w13,mmfit_w13_seg24_lateral_shoulder_raises,lateral raise,chest fly machine,0.34457099437713623,hip thrust,0.18080344796180725,0.16376754641532898,mediapipe
mmfit,w13,mmfit_w13_seg25_lateral_shoulder_raises,lateral raise,chest fly machine,0.5662592053413391,lateral raise,0.2765786051750183,0.2896806001663208,mediapipe
mmfit,w13,mmfit_w13_seg25_lateral_shoulder_raises,lateral raise,chest fly machine,0.2654497027397156,hip thrust,0.23520559072494507,0.030244112014770508,mediapipe
mmfit,w13,mmfit_w13_seg25_lateral_shoulder_raises,lateral raise,t bar row,0.4793669283390045,hip thrust,0.2444196343421936,0.2349472939968109,mediapipe
mmfit,w13,mmfit_w13_seg25_lateral_shoulder_raises,lateral raise,t bar row,0.4398787021636963,lateral raise,0.268466055393219,0.1714126467704773,mediapipe
mmfit,w13,mmfit_w13_seg25_lateral_shoulder_raises,lateral raise,chest fly machine,0.4626714587211609,lateral raise,0.2753804326057434,0.18729102611541748,mediapipe
mmfit,w13,mmfit_w13_seg25_lateral_shoulder_raises,lateral raise,chest fly machine,0.48288634419441223,hip thrust,0.14117422699928284,0.3417121171951294,mediapipe
mmfit,w13,mmfit_w13_seg25_lateral_shoulder_raises,lateral raise,chest fly machine,0.5640504956245422,lateral raise,0.26778894662857056,0.2962615489959717,mediapipe
mmfit,w13,mmfit_w13_seg25_lateral_shoulder_raises,lateral raise,t bar row,0.4499702453613281,hip thrust,0.22398921847343445,0.22598102688789368,mediapipe
mmfit,w13,mmfit_w13_seg25_lateral_shoulder_raises,lateral raise,chest fly machine,0.48106712102890015,lateral raise,0.27238383889198303,0.20868328213691711,mediapipe
mmfit,w13,mmfit_w13_seg25_lateral_shoulder_raises,lateral raise,leg extension,0.4894826412200928,lateral raise,0.22360610961914062,0.26587653160095215,mediapipe
mmfit,w13,mmfit_w13_seg25_lateral_shoulder_raises,lateral raise,chest fly machine,0.5990447402000427,lateral raise,0.26393887400627136,0.33510586619377136,mediapipe
mmfit,w13,mmfit_w13_seg25_lateral_shoulder_raises,lateral raise,squat,0.36719614267349243,lateral raise,0.23756146430969238,0.12963467836380005,mediapipe
mmfit,w13,mmfit_w13_seg25_lateral_shoulder_raises,lateral raise,chest fly machine,0.4642717242240906,lateral raise,0.24705152213573456,0.21722020208835602,mediapipe
mmfit,w13,mmfit_w13_seg26_lateral_shoulder_raises,lateral raise,chest fly machine,0.4382918179035187,lateral raise,0.25853633880615234,0.17975547909736633,mediapipe
mmfit,w13,mmfit_w13_seg26_lateral_shoulder_raises,lateral raise,t bar row,0.29652366042137146,hip thrust,0.2523726224899292,0.04415103793144226,mediapipe
mmfit,w13,mmfit_w13_seg26_lateral_shoulder_raises,lateral raise,t bar row,0.37633016705513,hip thrust,0.2621797025203705,0.11415046453475952,mediapipe
mmfit,w13,mmfit_w13_seg26_lateral_shoulder_raises,lateral raise,hip thrust,0.31502506136894226,chest fly machine,0.2247031033039093,0.09032195806503296,mediapipe
mmfit,w13,mmfit_w13_seg26_lateral_shoulder_raises,lateral raise,leg extension,0.5310177206993103,hip thrust,0.16649451851844788,0.3645232021808624,mediapipe
mmfit,w13,mmfit_w13_seg26_lateral_shoulder_raises,lateral raise,hip thrust,0.3129677474498749,chest fly machine,0.28666266798973083,0.026305079460144043,mediapipe
mmfit,w13,mmfit_w13_seg26_lateral_shoulder_raises,lateral raise,hip thrust,0.304902046918869,chest fly machine,0.1938837617635727,0.11101828515529633,mediapipe
mmfit,w13,mmfit_w13_seg26_lateral_shoulder_raises,lateral raise,t bar row,0.28709548711776733,lateral raise,0.26599496603012085,0.021100521087646484,mediapipe
mmfit,w13,mmfit_w13_seg26_lateral_shoulder_raises,lateral raise,t bar row,0.3891933560371399,lateral raise,0.2734085023403168,0.11578485369682312,mediapipe
mmfit,w13,mmfit_w13_seg26_lateral_shoulder_raises,lateral raise,t bar row,0.4792559742927551,hip thrust,0.22953973710536957,0.24971623718738556,mediapipe
mmfit,w13,mmfit_w13_seg26_lateral_shoulder_raises,lateral raise,t bar row,0.3864040970802307,lateral raise,0.2713302969932556,0.1150738000869751,mediapipe
mmfit,w13,mmfit_w13_seg26_lateral_shoulder_raises,lateral raise,t bar row,0.31848594546318054,hip thrust,0.23694147169589996,0.08154447376728058,mediapipe
mmfit,w13,mmfit_w13_seg26_lateral_shoulder_raises,lateral raise,hip thrust,0.3015582263469696,leg extension,0.2993431091308594,0.0022151172161102295,mediapipe
mmfit,w13,mmfit_w13_seg26_lateral_shoulder_raises,lateral raise,leg extension,0.7062715888023376,lateral raise,0.14329767227172852,0.5629739165306091,mediapipe
mmfit,w13,mmfit_w13_seg26_lateral_shoulder_raises,lateral raise,chest fly machine,0.4701610803604126,lateral raise,0.24971462786197662,0.22044645249843597,mediapipe
mmfit,w20,mmfit_w20_seg00_squats,squat,chest fly machine,0.6305341124534607,squat,0.22078093886375427,0.4097531735897064,mediapipe
mmfit,w20,mmfit_w20_seg00_squats,squat,t bar row,0.30703169107437134,decline bench press,0.1946687251329422,0.11236296594142914,mediapipe
mmfit,w20,mmfit_w20_seg00_squats,squat,chest fly machine,0.4623028039932251,squat,0.3718169927597046,0.09048581123352051,mediapipe
mmfit,w20,mmfit_w20_seg00_squats,squat,t bar row,0.32989925146102905,barbell biceps curl,0.2531821131706238,0.07671713829040527,mediapipe
mmfit,w20,mmfit_w20_seg00_squats,squat,chest fly machine,0.4184871017932892,squat,0.3808348774909973,0.03765222430229187,mediapipe
mmfit,w20,mmfit_w20_seg00_squats,squat,chest fly machine,0.4745236039161682,squat,0.2708943486213684,0.2036292552947998,mediapipe
mmfit,w20,mmfit_w20_seg00_squats,squat,chest fly machine,0.5340093970298767,squat,0.32115447521209717,0.21285492181777954,mediapipe
mmfit,w20,mmfit_w20_seg00_squats,squat,decline bench press,0.6877937912940979,barbell biceps curl,0.17253157496452332,0.5152622163295746,mediapipe
mmfit,w20,mmfit_w20_seg00_squats,squat,chest fly machine,0.4510359466075897,squat,0.2680456340312958,0.18299031257629395,mediapipe
mmfit,w20,mmfit_w20_seg00_squats,squat,chest fly machine,0.43797773122787476,squat,0.32709068059921265,0.11088705062866211,mediapipe
mmfit,w20,mmfit_w20_seg00_squats,squat,decline bench press,0.6632615923881531,squat,0.15175478160381317,0.5115068107843399,mediapipe
mmfit,w20,mmfit_w20_seg01_squats,squat,chest fly machine,0.44204553961753845,squat,0.377191424369812,0.06485411524772644,mediapipe
mmfit,w20,mmfit_w20_seg01_squats,squat,t bar row,0.3685607314109802,decline bench press,0.22950197756290436,0.13905875384807587,mediapipe
mmfit,w20,mmfit_w20_seg01_squats,squat,chest fly machine,0.42303645610809326,squat,0.2525154948234558,0.17052096128463745,mediapipe
mmfit,w20,mmfit_w20_seg01_squats,squat,t bar row,0.3259464204311371,decline bench press,0.26084280014038086,0.06510362029075623,mediapipe
mmfit,w20,mmfit_w20_seg01_squats,squat,chest fly machine,0.5149673223495483,squat,0.2358536571264267,0.27911366522312164,mediapipe
mmfit,w20,mmfit_w20_seg01_squats,squat,chest fly machine,0.590167224407196,squat,0.27290162444114685,0.3172655999660492,mediapipe
mmfit,w20,mmfit_w20_seg01_squats,squat,t bar row,0.32984670996665955,decline bench press,0.27398356795310974,0.055863142013549805,mediapipe
mmfit,w20,mmfit_w20_seg01_squats,squat,chest fly machine,0.4908948242664337,squat,0.471591055393219,0.01930376887321472,mediapipe
mmfit,w20,mmfit_w20_seg01_squats,squat,chest fly machine,0.4622141122817993,squat,0.3142324984073639,0.14798161387443542,mediapipe
mmfit,w20,mmfit_w20_seg01_squats,squat,lateral raise,0.29427990317344666,squat,0.29027897119522095,0.004000931978225708,mediapipe
mmfit,w20,mmfit_w20_seg01_squats,squat,chest fly machine,0.6576939225196838,squat,0.20144855976104736,0.4562453627586365,mediapipe
mmfit,w20,mmfit_w20_seg01_squats,squat,decline bench press,0.4199371635913849,squat,0.14230215549468994,0.27763500809669495,mediapipe
mmfit,w20,mmfit_w20_seg01_squats,squat,chest fly machine,0.6493324041366577,squat,0.32002705335617065,0.32930535078048706,mediapipe
mmfit,w20,mmfit_w20_seg01_squats,squat,chest fly machine,0.49883684515953064,squat,0.17883415520191193,0.3200026899576187,mediapipe
mmfit,w20,mmfit_w20_seg01_squats,squat,chest fly machine,0.46621471643447876,squat,0.2477697879076004,0.21844492852687836,mediapipe
mmfit,w20,mmfit_w20_seg01_squats,squat,decline bench press,0.3579479455947876,t bar row,0.2607254087924957,0.09722253680229187,mediapipe
mmfit,w20,mmfit_w20_seg02_squats,squat,chest fly machine,0.43363919854164124,squat,0.276429682970047,0.15720951557159424,mediapipe
mmfit,w20,mmfit_w20_seg02_squats,squat,chest fly machine,0.4073389768600464,squat,0.31467804312705994,0.09266093373298645,mediapipe
mmfit,w20,mmfit_w20_seg02_squats,squat,chest fly machine,0.2417902797460556,decline bench press,0.20172785222530365,0.04006242752075195,mediapipe
mmfit,w20,mmfit_w20_seg02_squats,squat,t bar row,0.3333078920841217,barbell biceps curl,0.28970858454704285,0.04359930753707886,mediapipe
mmfit,w20,mmfit_w20_seg02_squats,squat,t bar row,0.33789846301078796,squat,0.20493516325950623,0.13296329975128174,mediapipe
mmfit,w20,mmfit_w20_seg02_squats,squat,chest fly machine,0.4259609580039978,decline bench press,0.19297662377357483,0.23298433423042297,mediapipe
mmfit,w20,mmfit_w20_seg02_squats,squat,chest fly machine,0.5100017786026001,squat,0.30006298422813416,0.20993879437446594,mediapipe
mmfit,w20,mmfit_w20_seg02_squats,squat,chest fly machine,0.44662097096443176,squat,0.40755993127822876,0.039061039686203,mediapipe
mmfit,w20,mmfit_w20_seg02_squats,squat,decline bench press,0.3893725574016571,t bar row,0.19893492758274078,0.19043762981891632,mediapipe
mmfit,w20,mmfit_w20_seg02_squats,squat,chest fly machine,0.5383990406990051,squat,0.41575971245765686,0.12263932824134827,mediapipe
mmfit,w20,mmfit_w20_seg02_squats,squat,t bar row,0.3695412576198578,decline bench press,0.21817807853221893,0.15136317908763885,mediapipe
mmfit,w20,mmfit_w20_seg02_squats,squat,chest fly machine,0.4724026918411255,decline bench press,0.19170920550823212,0.28069348633289337,mediapipe
mmfit,w20,mmfit_w20_seg02_squats,squat,chest fly machine,0.3848162889480591,squat,0.32044553756713867,0.06437075138092041,mediapipe
mmfit,w20,mmfit_w20_seg02_squats,squat,chest fly machine,0.6211040019989014,squat,0.23232729732990265,0.3887767046689987,mediapipe
mmfit,w20,mmfit_w20_seg02_squats,squat,decline bench press,0.6905918121337891,barbell biceps curl,0.10485704988241196,0.5857347622513771,mediapipe
mmfit,w20,mmfit_w20_seg02_squats,squat,chest fly machine,0.5920076966285706,squat,0.3009469211101532,0.29106077551841736,mediapipe
mmfit,w20,mmfit_w20_seg02_squats,squat,decline bench press,0.3817986249923706,deadlift,0.2200346738100052,0.16176395118236542,mediapipe
mmfit,w20,mmfit_w20_seg03_pushups,push-up,romanian deadlift,0.45217084884643555,push-up,0.2653936743736267,0.18677717447280884,mediapipe
mmfit,w20,mmfit_w20_seg04_pushups,push-up,romanian deadlift,0.507104754447937,t bar row,0.27064141631126404,0.23646333813667297,mediapipe
mmfit,w20,mmfit_w20_seg05_pushups,push-up,t bar row,0.24138416349887848,hip thrust,0.231697216629982,0.009686946868896484,mediapipe
mmfit,w20,mmfit_w20_seg05_pushups,push-up,romanian deadlift,0.44165879487991333,t bar row,0.246334046125412,0.19532474875450134,mediapipe
mmfit,w20,mmfit_w20_seg21_lateral_shoulder_raises,lateral raise,chest fly machine,0.5544108152389526,lateral raise,0.27066075801849365,0.283750057220459,mediapipe
mmfit,w20,mmfit_w20_seg21_lateral_shoulder_raises,lateral raise,leg extension,0.7214294075965881,lateral raise,0.24787840247154236,0.4735510051250458,mediapipe
mmfit,w20,mmfit_w20_seg21_lateral_shoulder_raises,lateral raise,chest fly machine,0.5959571003913879,lateral raise,0.16371303796768188,0.43224406242370605,mediapipe
mmfit,w20,mmfit_w20_seg21_lateral_shoulder_raises,lateral raise,leg extension,0.5829972624778748,lateral raise,0.28687161207199097,0.2961256504058838,mediapipe
mmfit,w20,mmfit_w20_seg21_lateral_shoulder_raises,lateral raise,leg extension,0.7165823578834534,lateral raise,0.25834983587265015,0.4582325220108032,mediapipe
mmfit,w20,mmfit_w20_seg21_lateral_shoulder_raises,lateral raise,chest fly machine,0.6044731140136719,lateral raise,0.185847207903862,0.4186259061098099,mediapipe
mmfit,w20,mmfit_w20_seg21_lateral_shoulder_raises,lateral raise,leg extension,0.7185887694358826,lateral raise,0.2658421993255615,0.45274657011032104,mediapipe
mmfit,w20,mmfit_w20_seg21_lateral_shoulder_raises,lateral raise,leg extension,0.49740684032440186,lateral raise,0.4204631447792053,0.07694369554519653,mediapipe
mmfit,w20,mmfit_w20_seg21_lateral_shoulder_raises,lateral raise,chest fly machine,0.5678600668907166,lateral raise,0.20107948780059814,0.3667805790901184,mediapipe
mmfit,w20,mmfit_w20_seg21_lateral_shoulder_raises,lateral raise,leg extension,0.7217569351196289,barbell biceps curl,0.11209318041801453,0.6096637547016144,mediapipe
mmfit,w20,mmfit_w20_seg21_lateral_shoulder_raises,lateral raise,chest fly machine,0.6801764369010925,lateral raise,0.262215793132782,0.41796064376831055,mediapipe
mmfit,w20,mmfit_w20_seg21_lateral_shoulder_raises,lateral raise,leg extension,0.7261489629745483,russian twist,0.08792142570018768,0.6382275372743607,mediapipe
mmfit,w20,mmfit_w20_seg21_lateral_shoulder_raises,lateral raise,chest fly machine,0.6160853505134583,lateral raise,0.3026570677757263,0.31342828273773193,mediapipe
mmfit,w20,mmfit_w20_seg21_lateral_shoulder_raises,lateral raise,chest fly machine,0.6555115580558777,lateral raise,0.23029115796089172,0.42522040009498596,mediapipe
mmfit,w20,mmfit_w20_seg21_lateral_shoulder_raises,lateral raise,leg extension,0.7245669364929199,plank,0.06749466806650162,0.6570722684264183,mediapipe
mmfit,w20,mmfit_w20_seg21_lateral_shoulder_raises,lateral raise,chest fly machine,0.5997684597969055,lateral raise,0.2855987846851349,0.31416967511177063,mediapipe
mmfit,w20,mmfit_w20_seg21_lateral_shoulder_raises,lateral raise,chest fly machine,0.6178783774375916,lateral raise,0.28971976041793823,0.3281586170196533,mediapipe
mmfit,w20,mmfit_w20_seg21_lateral_shoulder_raises,lateral raise,leg extension,0.7219489812850952,shoulder press,0.0801207572221756,0.6418282240629196,mediapipe
mmfit,w20,mmfit_w20_seg21_lateral_shoulder_raises,lateral raise,chest fly machine,0.6101638078689575,lateral raise,0.2812867760658264,0.3288770318031311,mediapipe
mmfit,w20,mmfit_w20_seg21_lateral_shoulder_raises,lateral raise,leg extension,0.7218245267868042,lateral raise,0.17377042770385742,0.5480540990829468,mediapipe
mmfit,w20,mmfit_w20_seg21_lateral_shoulder_raises,lateral raise,chest fly machine,0.5908726453781128,lateral raise,0.2668190002441406,0.32405364513397217,mediapipe
mmfit,w20,mmfit_w20_seg21_lateral_shoulder_raises,lateral raise,chest fly machine,0.5661265254020691,lateral raise,0.27642378211021423,0.28970274329185486,mediapipe
mmfit,w20,mmfit_w20_seg21_lateral_shoulder_raises,lateral raise,romanian deadlift,0.372139036655426,deadlift,0.3286120891571045,0.04352694749832153,mediapipe
mmfit,w20,mmfit_w20_seg21_lateral_shoulder_raises,lateral raise,deadlift,0.8555019497871399,romanian deadlift,0.13620230555534363,0.7192996442317963,mediapipe
mmfit,w20,mmfit_w20_seg21_lateral_shoulder_raises,lateral raise,deadlift,0.39670830965042114,t bar row,0.2415221631526947,0.15518614649772644,mediapipe
mmfit,w20,mmfit_w20_seg21_lateral_shoulder_raises,lateral raise,t bar row,0.6738077402114868,deadlift,0.17443950474262238,0.49936823546886444,mediapipe
mmfit,w20,mmfit_w20_seg22_lateral_shoulder_raises,lateral raise,leg extension,0.70705646276474,lateral raise,0.28266528248786926,0.4243911802768707,mediapipe
mmfit,w20,mmfit_w20_seg22_lateral_shoulder_raises,lateral raise,leg extension,0.7213941812515259,lateral raise,0.24986737966537476,0.4715268015861511,mediapipe
mmfit,w20,mmfit_w20_seg22_lateral_shoulder_raises,lateral raise,chest fly machine,0.6709734201431274,t bar row,0.1490415334701538,0.5219318866729736,mediapipe
mmfit,w20,mmfit_w20_seg22_lateral_shoulder_raises,lateral raise,leg extension,0.7192832231521606,lateral raise,0.27145856618881226,0.4478246569633484,mediapipe
mmfit,w20,mmfit_w20_seg22_lateral_shoulder_raises,lateral raise,leg extension,0.6463269591331482,lateral raise,0.31626251339912415,0.33006444573402405,mediapipe
mmfit,w20,mmfit_w20_seg22_lateral_shoulder_raises,lateral raise,chest fly machine,0.6305149793624878,lateral raise,0.16390758752822876,0.46660739183425903,mediapipe
mmfit,w20,mmfit_w20_seg22_lateral_shoulder_raises,lateral raise,leg extension,0.7216396927833557,lateral raise,0.18384158611297607,0.5377981066703796,mediapipe
mmfit,w20,mmfit_w20_seg22_lateral_shoulder_raises,lateral raise,chest fly machine,0.5954628586769104,lateral raise,0.29451513290405273,0.30094772577285767,mediapipe
mmfit,w20,mmfit_w20_seg22_lateral_shoulder_raises,lateral raise,leg extension,0.7240105271339417,push-up,0.04908659681677818,0.6749239303171635,mediapipe
mmfit,w20,mmfit_w20_seg22_lateral_shoulder_raises,lateral raise,chest fly machine,0.4958042502403259,lateral raise,0.25276118516921997,0.24304306507110596,mediapipe
mmfit,w20,mmfit_w20_seg22_lateral_shoulder_raises,lateral raise,leg extension,0.7236921191215515,shoulder press,0.13767826557159424,0.5860138535499573,mediapipe
mmfit,w20,mmfit_w20_seg22_lateral_shoulder_raises,lateral raise,leg extension,0.610198438167572,lateral raise,0.3501616418361664,0.26003679633140564,mediapipe
mmfit,w20,mmfit_w20_seg22_lateral_shoulder_raises,lateral raise,leg extension,0.7174859046936035,lateral raise,0.25714004039764404,0.4603458642959595,mediapipe
mmfit,w20,mmfit_w20_seg22_lateral_shoulder_raises,lateral raise,chest fly machine,0.4668392837047577,shoulder press,0.2600519359111786,0.2067873477935791,mediapipe
mmfit,w20,mmfit_w20_seg22_lateral_shoulder_raises,lateral raise,leg extension,0.7113621234893799,lateral raise,0.27464786171913147,0.4367142617702484,mediapipe
mmfit,w20,mmfit_w20_seg22_lateral_shoulder_raises,lateral raise,leg extension,0.5803309082984924,lateral raise,0.3824392557144165,0.19789165258407593,mediapipe
mmfit,w20,mmfit_w20_seg22_lateral_shoulder_raises,lateral raise,chest fly machine,0.450659841299057,lateral raise,0.22283935546875,0.227820485830307,mediapipe
mmfit,w20,mmfit_w20_seg22_lateral_shoulder_raises,lateral raise,leg extension,0.7214857935905457,lateral raise,0.157579243183136,0.5639065504074097,mediapipe
mmfit,w20,mmfit_w20_seg22_lateral_shoulder_raises,lateral raise,leg extension,0.5721977949142456,lateral raise,0.3907927870750427,0.18140500783920288,mediapipe
mmfit,w20,mmfit_w20_seg22_lateral_shoulder_raises,lateral raise,chest fly machine,0.4229815602302551,shoulder press,0.23796865344047546,0.18501290678977966,mediapipe
mmfit,w20,mmfit_w20_seg22_lateral_shoulder_raises,lateral raise,leg extension,0.7152634859085083,lateral raise,0.2776857614517212,0.4375777244567871,mediapipe
mmfit,w20,mmfit_w20_seg22_lateral_shoulder_raises,lateral raise,deadlift,0.5563892722129822,romanian deadlift,0.2889062762260437,0.2674829959869385,mediapipe
mmfit,w20,mmfit_w20_seg22_lateral_shoulder_raises,lateral raise,deadlift,0.4122615456581116,leg extension,0.3764519989490509,0.03580954670906067,mediapipe
mmfit,w20,mmfit_w20_seg22_lateral_shoulder_raises,lateral raise,leg extension,0.683186948299408,romanian deadlift,0.09681792557239532,0.5863690227270126,mediapipe
mmfit,w20,mmfit_w20_seg22_lateral_shoulder_raises,lateral raise,leg extension,0.7208863496780396,plank,0.117607980966568,0.6032783687114716,mediapipe
mmfit,w20,mmfit_w20_seg23_lateral_shoulder_raises,lateral raise,leg extension,0.6864312291145325,lateral raise,0.265506386756897,0.4209248423576355,mediapipe
mmfit,w20,mmfit_w20_seg23_lateral_shoulder_raises,lateral raise,leg extension,0.5187445282936096,lateral raise,0.45358484983444214,0.06515967845916748,mediapipe
mmfit,w20,mmfit_w20_seg23_lateral_shoulder_raises,lateral raise,chest fly machine,0.5712729692459106,shoulder press,0.20293028652668,0.36834268271923065,mediapipe
mmfit,w20,mmfit_w20_seg23_lateral_shoulder_raises,lateral raise,leg extension,0.7208360433578491,lateral raise,0.21486656367778778,0.5059694796800613,mediapipe
mmfit,w20,mmfit_w20_seg23_lateral_shoulder_raises,lateral raise,chest fly machine,0.4918751120567322,t bar row,0.23334425687789917,0.258530855178833,mediapipe
mmfit,w20,mmfit_w20_seg23_lateral_shoulder_raises,lateral raise,leg extension,0.7149977684020996,lateral raise,0.274585485458374,0.4404122829437256,mediapipe
mmfit,w20,mmfit_w20_seg23_lateral_shoulder_raises,lateral raise,leg extension,0.6912989020347595,lateral raise,0.2957565188407898,0.3955423831939697,mediapipe
mmfit,w20,mmfit_w20_seg23_lateral_shoulder_raises,lateral raise,chest fly machine,0.48885074257850647,t bar row,0.23137763142585754,0.2574731111526489,mediapipe
mmfit,w20,mmfit_w20_seg23_lateral_shoulder_raises,lateral raise,leg extension,0.7083197832107544,lateral raise,0.2630341053009033,0.4452856779098511,mediapipe
mmfit,w20,mmfit_w20_seg23_lateral_shoulder_raises,lateral raise,chest fly machine,0.6509247422218323,lateral raise,0.14115288853645325,0.509771853685379,mediapipe
mmfit,w20,mmfit_w20_seg23_lateral_shoulder_raises,lateral raise,leg extension,0.7213078737258911,lateral raise,0.2532404363155365,0.4680674374103546,mediapipe
mmfit,w20,mmfit_w20_seg23_lateral_shoulder_raises,lateral raise,chest fly machine,0.6008367538452148,lateral raise,0.2843642830848694,0.31647247076034546,mediapipe
mmfit,w20,mmfit_w20_seg23_lateral_shoulder_raises,lateral raise,leg extension,0.7218317985534668,barbell biceps curl,0.07611587643623352,0.6457159221172333,mediapipe
mmfit,w20,mmfit_w20_seg23_lateral_shoulder_raises,lateral raise,chest fly machine,0.6579965949058533,lateral raise,0.20923426747322083,0.44876232743263245,mediapipe
mmfit,w20,mmfit_w20_seg23_lateral_shoulder_raises,lateral raise,leg extension,0.7219287753105164,barbell biceps curl,0.13690873980522156,0.5850200355052948,mediapipe
mmfit,w20,mmfit_w20_seg23_lateral_shoulder_raises,lateral raise,leg extension,0.5209210515022278,lateral raise,0.4258257746696472,0.09509527683258057,mediapipe
mmfit,w20,mmfit_w20_seg23_lateral_shoulder_raises,lateral raise,chest fly machine,0.5755602717399597,shoulder press,0.17481458187103271,0.400745689868927,mediapipe
mmfit,w20,mmfit_w20_seg23_lateral_shoulder_raises,lateral raise,leg extension,0.7189784646034241,lateral raise,0.26580893993377686,0.4531695246696472,mediapipe
mmfit,w20,mmfit_w20_seg23_lateral_shoulder_raises,lateral raise,chest fly machine,0.6283136010169983,lateral raise,0.2852776050567627,0.3430359959602356,mediapipe
mmfit,w20,mmfit_w20_seg23_lateral_shoulder_raises,lateral raise,leg extension,0.723932147026062,push-up,0.07198208570480347,0.6519500613212585,mediapipe
mmfit,w20,mmfit_w20_seg23_lateral_shoulder_raises,lateral raise,deadlift,0.6375426650047302,romanian deadlift,0.32414186000823975,0.3134008049964905,mediapipe
mmfit,w20,mmfit_w20_seg23_lateral_shoulder_raises,lateral raise,deadlift,0.8786347508430481,romanian deadlift,0.11621806025505066,0.7624166905879974,mediapipe
mmfit,w20,mmfit_w20_seg23_lateral_shoulder_raises,lateral raise,leg extension,0.43089959025382996,deadlift,0.19867554306983948,0.23222404718399048,mediapipe
mmfit,w20,mmfit_w20_seg23_lateral_shoulder_raises,lateral raise,leg extension,0.4983353316783905,russian twist,0.20923864841461182,0.2890966832637787,mediapipe
